date,weather_code,temperature_2m_max,temperature_2m_min,temperature_2m_mean,apparent_temperature_max,apparent_temperature_min,apparent_temperature_mean,sunrise,sunset,precipitation_sum,rain_sum,snowfall_sum,precipitation_hours,wind_speed_10m_max,wind_gusts_10m_max,wind_direction_10m_dominant,shortwave_radiation_sum,et0_fao_evapotranspiration
2023-01-01,3,6.7305,1.9305,4.0284166,4.3398285,-1.7117946,1.4544826,0,0,0,0,0,0,11.792404,20.880001,83.29893,3.03,0.31826794
2023-01-02,1,4.8805003,0.0305,2.3700833,2.79713,-3.5306091,-0.6787131,0,0,0,0,0,0,10.587917,14.04,69.27434,4.02,0.39257556
2023-01-03,51,5.0305004,-0.4195,3.2200832,0.99792767,-4.3535953,-0.5694704,0,0,1.1,1.1,0,7,15.716793,26.28,75.92395,1.7,0.46552876
2023-01-04,3,7.3305,2.2805,4.8075833,4.9530544,-1.1640782,1.4280618,0,0,0,0,0,0,15.484185,28.08,103.06235,4.02,0.75428957
2023-01-05,63,9.2305,4.2305,6.690916,4.3280125,1.4927812,3.0289037,0,0,12.099999,12.099999,0,16,30.993471,52.56,99.40727,1.33,0.73708487
2023-01-06,53,9.330501,5.8305,7.643,5.2712717,2.0849667,3.7057488,0,0,1.7000002,1.7000002,0,7,23.469128,38.88,87.60776,1.88,0.8295923
2023-01-07,61,7.5305004,6.2305,6.903417,5.4738035,1.5954685,3.7344244,0,0,9.6,9.6,0,15,22.963936,37.8,80.503716,0.99,0.4046423
2023-01-08,63,6.7305,2.6805,5.368,3.4920225,-0.31748438,2.1143382,0,0,15.099998,15.099998,0,15,22.180206,35.64,75.79786,0.6,0.26648203
2023-01-09,61,8.7805,4.8305,6.2013335,3.2739825,0.7645607,1.9730406,0,0,8.599999,8.599999,0,11,35.143818,60.479996,80.621155,1.51,0.67017716
2023-01-10,63,10.9805,4.4305,6.9409165,9.553108,0.5466385,4.115831,0,0,7.3,7.3,0,10,19.33639,32.760002,60.02571,4.01,0.5716356
2023-01-11,51,9.330501,1.7305,6.213833,5.44123,-2.3454275,2.4253078,0,0,0.2,0.2,0,2,18.079027,29.16,82.62792,1.66,0.85197794
2023-01-12,61,9.6305,6.3305,7.999249,5.8297806,2.6360207,4.5088735,0,0,21.8,21.8,0,23,26.727423,45,90.98328,0.36,0.437265
2023-01-13,61,10.080501,8.330501,9.136751,7.3740673,5.258046,6.368094,0,0,12.700001,12.700001,0,21,19.770523,33.48,96.95423,1.61,0.3457819
2023-01-14,61,12.4805,5.1305003,8.361749,11.039503,2.757928,5.86005,0,0,5.6000004,5.6000004,0,7,16.199999,26.28,67.07133,5.37,0.70120114
2023-01-15,61,8.7805,5.0805,6.9284167,6.811762,2.221157,4.169625,0,0,9.1,9.1,0,15,17.727943,29.88,70.10991,2.12,0.42164332
2023-01-16,61,7.3805003,5.3305,6.143,4.2850304,1.4137244,2.8141534,0,0,15.000002,15.000002,0,14,20.991426,35.64,97.54115,1.35,0.2817064
2023-01-17,61,6.1805,5.1305003,5.628416,3.3146086,1.0222092,2.19597,0,0,16.4,16.4,0,21,20.172853,33.48,96.05591,1.15,0.22377123
2023-01-18,55,6.3805003,2.5805,5.33675,3.3473296,-0.51698637,1.0918382,0,0,5.7999997,5.7999997,0,15,29.427662,48.6,116.38984,2.2,0.451219
2023-01-19,51,5.5805,0.63049996,2.5950835,2.7453651,-2.4826336,-0.20293249,0,0,0.6,0.6,0,3,9.422101,16.919998,78.102806,4.18,0.39857537
2023-01-20,51,5.7805004,1.7804999,4.015917,3.6135592,-1.3829875,1.3855869,0,0,0.4,0.4,0,4,9.779817,17.28,94.07104,3.03,0.36037624
2023-01-21,73,3.7305,0.8305,2.5617502,1.0503755,-2.5707057,-0.9750836,0,0,11.600001,8.900001,1.89,10,20.523157,33.48,66.11869,0.59,0.18051028
2023-01-22,51,5.2805004,-0.4195,2.6575835,3.068129,-4.2911463,-0.058863413,0,0,0.5,0.5,0,5,11.808878,24.119999,48.923992,3.43,0.38045293
2023-01-23,51,4.7305,1.6305,3.3409169,3.0688543,-1.2450271,0.6258362,0,0,0.6,0.6,0,3,11.384199,18.72,66.78048,1.39,0.251684
2023-01-24,53,4.9805,3.3805,4.11175,2.3357816,-0.25152683,1.2050257,0,0,7.199999,7.199999,0,21,13.661038,22.68,70.70096,0.93,0.2051491
2023-01-25,3,6.6305003,2.1305,4.747167,4.5149403,-0.32686567,2.650835,0,0,0,0,0,0,6.924738,11.879999,327.93802,3,0.37603602
2023-01-26,53,5.0305004,2.6805,4.2075834,2.713076,0.12703896,1.7833748,0,0,2.3000002,2.3000002,0,13,10.630672,16.56,89.52652,0.95,0.21139377
2023-01-27,53,6.7805004,2.9805,4.93675,4.7712803,0.31274414,2.676316,0,0,1.7,1.7,0,4,12.979984,20.880001,86.4786,5.35,0.56731606
2023-01-28,51,7.3305,-0.5195,3.4450836,4.5828333,-5.2416162,0.1361485,0,0,0.2,0.2,0,2,13.849477,25.56,14.420801,6.56,0.93732864
2023-01-29,0,1.2305,-3.7195,-0.85908335,-2.1110294,-7.9962482,-4.8457212,0,0,0,0,0,0,11.457958,18,138.85075,7.69,0.8247936
2023-01-30,3,2.1305,-4.6194997,-0.9486665,-1.9334822,-8.443631,-4.694207,0,0,0,0,0,0,6.830519,13.679999,146.30988,5.94,0.668199
2023-01-31,71,1.5805,-1.5695,-0.07783331,-2.2254205,-5.538707,-3.8749447,0,0,1.0000001,0,0.7,8,12.620554,20.16,94.772964,2.08,0.42022642
2023-02-01,73,4.6805,0.5305,1.9846667,1.2080755,-3.2335835,-1.5970968,0,0,2.8,1.2000002,1.1200001,14,12.904882,22.319998,75.665535,2.7,0.45838818
2023-02-02,3,7.6305003,1.1305,4.1200833,3.962247,-2.44032,0.59288913,0,0,0,0,0,0,17.294992,28.44,74.34944,3.67,0.7951769
2023-02-03,63,8.330501,3.5305,6.1388326,3.5592003,0.2552619,1.8774375,0,0,8.9,8.9,0,9,35.951363,59.399998,116.625435,2.13,0.8207108
2023-02-04,55,9.080501,5.3805003,6.893,4.9938364,2.0740795,3.440566,0,0,6.6000004,6.6000004,0,15,20.532627,34.2,86.369865,2.17,0.5207478
2023-02-05,51,7.7805004,4.8805003,6.220083,6.233124,1.9635043,3.8318298,0,0,2.5,2.5,0,12,17.313717,28.08,317.84952,2.46,0.40077695
2023-02-06,55,6.9305,4.3805003,5.7930007,4.2513685,1.5398726,2.7629852,0,0,6.7,6.7,0,18,21.313093,34.92,134.79114,1.29,0.23552896
2023-02-07,63,7.5805,4.3805003,6.0305,5.586974,0.58627653,2.3963249,0,0,30.5,30.5,0,18,22.565422,36.719997,128.52846,2.33,0.45693573
2023-02-08,53,6.4805,-0.6695,3.6388333,2.9421954,-4.2892494,0.2657119,0,0,1.2,1.2,0,6,13.493999,25.199999,52.695965,6.82,0.7196058
2023-02-09,51,8.330501,4.6805,5.847166,5.900221,0.54997015,2.337444,0,0,3.2,3.2,0,11,21.313093,33.48,78.63184,2.69,0.70580566
2023-02-10,73,8.0305,2.2305,5.4013333,6.1327085,-1.131094,2.5133502,0,0,12.100001,10.800002,0.90999997,16,22.7057,37.44,111.21225,7.04,0.7622221
2023-02-11,51,6.0805,1.7804999,4.020083,4.090288,-1.7633576,1.6132933,0,0,0.1,0.1,0,1,10.028439,15.84,87.59408,4.08,0.47225016
2023-02-12,61,4.7805004,2.4805,3.8450832,1.9935293,0.046408653,0.67276907,0,0,7.5999994,7.5999994,0,17,16.981165,27.72,88.89833,1.11,0.2874477
2023-02-13,71,6.1805,1.1305,4.1617503,2.5873065,-4.962434,-0.5257738,0,0,2.3,2.1,0.14,5,35.413826,59.039997,283.57043,7.47,1.0788443
2023-02-14,3,4.7805004,-0.2695,2.2805002,0.44351196,-5.1000295,-1.6287804,0,0,0,0,0,0,29.035288,50.039997,295.30136,9.93,0.9989319
2023-02-15,3,5.1805,-0.9695,1.968,1.7762051,-4.6567755,-1.6795014,0,0,0,0,0,0,14.973576,25.919998,85.11408,4.91,0.62459433
2023-02-16,73,4.4805,1.8305,3.0971663,1.010922,-2.2065475,-0.58085746,0,0,4.1000004,3.3000002,0.56,14,17.193533,27.359999,72.65618,1.34,0.48980355
2023-02-17,73,5.5305004,1.8805,3.6325836,2.97429,-2.0760827,0.9675624,0,0,4.0999994,3.4999995,0.42000002,8,14.20062,24.119999,66.27501,6.62,0.72184765
2023-02-18,53,6.7305,3.3305,4.6096663,3.284697,0.8735547,2.044257,0,0,4.1,4.1,0,12,20.393293,34.92,306.6926,5.17,0.6082543
2023-02-19,51,6.2805004,1.5805,4.7242503,3.8441048,-0.86390066,1.9065336,0,0,0.2,0.2,0,2,15.111424,25.56,290.79416,2.21,0.47116396
2023-02-20,53,8.080501,4.9305,6.163833,4.5471754,-0.34808683,2.6870375,0,0,4.7999997,4.7999997,0,18,36.233246,60.479996,238.33925,1.07,0.4468974
2023-02-21,71,5.8305,1.2804999,4.570084,3.0648718,-3.702927,-0.46374395,0,0,0.6,0.5,0.07,2,29.951483,56.88,276.33173,7.63,1.2532408
2023-02-22,71,0.9305,-2.4195,-0.957,-2.9077005,-7.4378195,-5.4367013,0,0,0.4,0,0.28,4,13.783817,23.759998,125.14488,5.77,1.07186
2023-02-23,3,0.4805,-4.4195,-2.4861667,-4.945452,-10.519809,-8.028097,0,0,0,0,0,0,18.919704,32.039997,96.834946,11.62,1.6472834
2023-02-24,3,-0.0695,-6.1695,-3.2674167,-3.9344776,-11.326754,-7.5670505,0,0,0,0,0,0,10.630672,21.96,218.77905,10.99,1.0624566
2023-02-25,75,0.5805,-3.2695,-1.0028332,-3.1650453,-6.8957996,-5.165681,0,0,7.8,0.20000002,5.3199997,10,19.296133,32.039997,88.40616,2.41,0.5354342
2023-02-26,75,2.5305,-2.5195,0.6805001,-0.608773,-6.64798,-3.7455628,0,0,16.7,0.30000004,11.479999,12,25.582806,44.28,70.80873,12.64,1.0926142
2023-02-27,73,2.7305,-2.1195,0.68258333,-0.48575807,-7.6315136,-3.2266142,0,0,3.3999999,0.50000006,2.03,10,21.273533,34.2,66.93428,4.89,0.6074983
2023-02-28,75,2.3805,-1.4695001,0.8034167,-0.27401662,-5.472494,-2.091913,0,0,11.099999,0.7,7.2799997,15,10.105681,14.759999,82.62155,7.69,0.7209646
2023-03-01,71,3.1305,-2.7695,0.92216676,0.09433746,-6.5392246,-2.07299,0,0,3.1,2.9,0.14,8,14.693999,24.84,139.46095,8.2,0.80119956
2023-03-02,73,7.1805,1.0304999,3.7013338,2.4313111,-3.087126,-0.7441502,0,0,6.2999997,5.3,0.7,12,28.802248,50.76,240.5929,12.2,1.3011305
2023-03-03,73,5.4305,-0.9695,2.4263334,2.3046665,-4.3254423,-1.2389721,0,0,6.3,2.3,2.8000002,10,20.617662,33.48,105.48072,9.04,0.94783026
2023-03-04,75,5.9305,1.8305,3.8325832,1.9218016,-3.3375585,-0.9894516,0,0,6,2.5,2.4499998,14,22.657131,37.8,80.4867,3.56,1.1241854
2023-03-05,51,6.9805,-0.0195,3.6263332,4.5533485,-3.584879,0.4525119,0,0,0.4,0.4,0,2,11.609651,24.48,65.52247,10.32,1.2637798
2023-03-06,53,8.9305,1.6305,4.7346663,4.3768635,-2.7611296,0.38564768,0,0,1.8000002,1.8000002,0,8,18.35647,31.319998,91.58233,11.88,1.753077
2023-03-07,51,8.7805,2.1805,4.51175,5.0262756,-1.4116387,0.95396966,0,0,0.6,0.6,0,6,13.450708,28.44,76.73028,8.79,1.2943571
2023-03-08,71,8.8805,0.9305,4.5909166,6.373308,-2.5078404,1.5569547,0,0,0.4,0.3,0.07,3,10.97262,18.359999,94.733376,13.83,1.6376829
2023-03-09,3,10.9805,1.0805,5.5555,6.7401505,-2.2741346,1.6996206,0,0,0,0,0,0,19.130875,34.2,89.9067,12.63,1.927766
2023-03-10,71,6.6805,3.5805,4.707583,3.1741505,-0.20364475,1.3635534,0,0,2.8000002,2.7000003,0.07,10,13.783817,24.119999,312.39728,6.3,0.93333685
2023-03-11,75,7.2305,1.6305,4.003417,3.785242,-2.668059,0.15942699,0,0,11.300002,7.799999,2.4499998,19,17.10284,31.319998,82.72901,7.48,0.84953153
2023-03-12,63,8.3805,1.3805,4.759667,6.577174,-2.2484667,1.2951447,0,0,7.3,7.3,0,7,20.929596,33.12,84.29784,5.27,0.914447
2023-03-13,73,8.4305,1.0304999,5.368,5.213381,-1.8582275,2.40235,0,0,7.899999,6.699999,0.84,13,16.343367,29.16,140.57683,13.02,1.4895031
2023-03-14,73,7.4805,-0.5195,3.347167,4.2123623,-4.003233,-0.18998794,0,0,3.8000002,2.4,0.98,11,19.70815,33.48,78.59348,9.59,1.1116878
2023-03-15,73,7.5305004,1.9805,4.3513336,4.314026,-1.1527407,1.0836189,0,0,2.2999997,1.1,0.84,4,15.192682,27.72,276.45386,15.98,1.6405782
2023-03-16,1,8.6305,-0.36949998,4.165917,5.7194386,-4.32022,0.9881446,0,0,0,0,0,0,11.592895,23.039999,330.46127,15.75,1.7504238
2023-03-17,3,11.1805,2.3305,6.949249,9.094808,-1.3707061,4.087169,0,0,0,0,0,0,10.883676,15.84,1.5073866,14.05,1.9660804
2023-03-18,3,13.0305,4.5305004,8.618,12.707951,0.8040619,6.091799,0,0,0,0,0,0,10.041354,17.28,40.691307,16.8,2.4311123
2023-03-19,51,11.4305,5.3305,8.98675,9.58892,1.6051574,6.4410186,0,0,0.1,0.1,0,1,14.799459,23.039999,327.96927,7.69,1.3496825
2023-03-20,53,10.1805,5.7805004,8.618,8.564381,3.48636,6.6534085,0,0,3.3999999,3.3999999,0,12,10.182337,24.84,85.181984,5.23,0.86438453
2023-03-21,51,10.080501,4.7305,7.5034165,7.4674215,2.2524395,5.18626,0,0,0.70000005,0.70000005,0,4,17.87718,29.88,311.22446,13.69,1.4835241
2023-03-22,0,11.4805,3.5805,7.5804996,10.25231,0.6580677,5.3407383,0,0,0,0,0,0,12.313894,24.119999,302.76596,17.55,2.0881982
2023-03-23,53,6.7805004,3.6305,5.3867497,3.5258265,-0.07490921,1.7618523,0,0,7,7,0,18,18.416384,34.56,108.45597,5.95,0.7460152
2023-03-24,73,5.8805003,1.7305,3.4180002,2.9398546,-1.5882432,0.47455207,0,0,8,6.6000004,0.98,18,15.517629,28.44,113.14063,7.95,0.87849927
2023-03-25,51,6.2305,0.7305,3.3034165,3.252612,-3.1967158,0.2606903,0,0,1.7000002,1.7000002,0,11,19.083395,30.239998,86.85201,9.78,1.074467
2023-03-26,51,7.3805003,-0.5695,3.1867497,4.429846,-4.153137,0.108180426,0,0,0.2,0.2,0,2,11.212135,22.319998,90.92772,14.1,1.4734693
2023-03-27,51,10.6305,0.9305,5.23675,7.9387884,-2.9148998,2.060592,0,0,0.2,0.2,0,1,13.397612,27.359999,349.84573,19.06,2.1527283
2023-03-28,1,14.6805,2.3305,8.190917,10.933759,-1.7254138,4.049103,0,0,0,0,0,0,24.162947,41.039997,40.934666,19.38,3.2521477
2023-03-29,1,11.7805,2.5805,7.132582,8.32959,-0.51335144,3.9865491,0,0,0,0,0,0,15.315873,29.519999,306.454,18.62,2.3816926
2023-03-30,2,10.2305,3.5305,6.4117503,6.81388,-0.3596635,2.8265564,0,0,0,0,0,0,19.809813,33.12,114.59007,19.41,2.3653414
2023-03-31,61,6.3805003,3.5805,5.290916,2.680553,0.13356686,1.6170961,0,0,14.799999,14.799999,0,19,26.82906,45,137.48961,2.7,0.4187612
2023-04-01,73,7.3305,1.2305,4.3763337,4.5559216,-2.84502,1.3434104,0,0,3.3000002,2.6,0.49,10,15.7908325,38.88,100.619484,15.41,1.7191671
2023-04-02,75,5.5805,0.8305,2.5930002,3.2024403,-3.8707695,-0.993736,0,0,11.5,1.9000001,6.72,11,19.386591,33.12,69.742,12.5,1.3188709
2023-04-03,71,7.0305004,-0.0195,3.709667,4.4523926,-4.1121807,0.757801,0,0,0.6,0.5,0.07,1,16.73516,33.12,243.70517,17.27,1.7866279
2023-04-04,71,7.8305,0.5305,4.0346665,5.280834,-2.9158955,1.045844,0,0,2.1999998,1.7000003,0.35000002,10,13.276144,25.919998,51.8211,17.98,1.8903775
2023-04-05,3,8.830501,1.2305,5.3138337,5.2573833,-2.3868103,1.447126,0,0,0,0,0,0,18.678415,33.48,103.46768,14.27,1.9373132
2023-04-06,55,9.6305,6.3805003,7.77425,5.198223,1.607933,3.348774,0,0,10.6,10.6,0,21,26.28,42.12,82.56319,2.93,1.1825202
2023-04-07,61,11.6805,5.8305,8.7055,9.34338,3.3177848,6.0621257,0,0,11.000001,11.000001,0,16,26.727423,43.56,123.93128,11.16,1.5315067
2023-04-08,61,7.8805003,5.9305,6.9242496,4.03312,1.8093672,2.8375022,0,0,9.900001,9.900001,0,23,25.14852,40.68,100.30895,1.7,0.65508115
2023-04-09,61,9.6805,5.4805,7.99925,6.4168644,2.9446964,4.5061955,0,0,18.9,18.9,0,19,24.535524,40.68,120.26137,1.31,0.43157017
2023-04-10,51,9.830501,4.2305,6.8492503,7.16601,1.7453384,4.342832,0,0,0.5,0.5,0,2,10.464798,19.08,142.22426,9.96,1.4158568
2023-04-11,71,9.330501,2.6305,6.0867496,6.274602,-0.1717658,3.0169885,0,0,7.7999997,7.7,0.07,13,17.873556,31.319998,204.38272,16.52,1.9499483
2023-04-12,2,9.330501,1.7305,5.740916,5.829855,-0.8423846,2.7732427,0,0,0,0,0,0,22.657131,40.68,296.40527,22.59,2.3419032
2023-04-13,71,7.8305,2.8805,5.3159165,4.772582,-1.1636851,1.9032416,0,0,1.4,1.3,0.07,1,19.35314,33.48,94.21412,15.24,1.6460754
2023-04-14,3,9.9305,1.4305,5.928416,7.930586,-1.6586857,3.5261018,0,0,0,0,0,0,9.9571085,20.880001,84.98699,20.92,2.4500222
2023-04-15,61,8.5305,5.7305,7.020083,5.6695623,2.2757883,3.8030262,0,0,12.6,12.6,0,18,18.057508,28.8,84.21515,3.2,0.77913886
2023-04-16,61,7.9805,4.0305004,6.770084,4.9241867,1.2125525,3.14563,0,0,10.800001,10.800001,0,17,25.49908,41.399998,137.78174,4.26,0.7752158
2023-04-17,73,10.5305,1.5304999,4.945083,5.083473,-3.1119902,0.42088518,0,0,7.3,5.4,1.33,11,25.325686,42.839996,85.790855,8.55,1.4461874
2023-04-18,75,7.7305,3.0305,4.595083,3.790413,-2.2209353,-0.25647947,0,0,11.700001,8.8,2.03,15,29.460672,49.68,114.99223,10.99,1.3296872
2023-04-19,51,9.080501,3.2305,5.626333,7.2584667,-1.1807377,2.1113987,0,0,2.8,2.8,0,12,18.775301,30.599998,102.807816,15.5,1.9631295
2023-04-20,61,8.8805,2.4305,4.8388333,2.635634,-1.9802372,0.15848263,0,0,9.1,9.1,0,12,29.758307,49.32,87.401695,6.32,1.1577575
2023-04-21,55,9.4805,4.0805,6.213833,7.152526,-0.2506144,3.2462778,0,0,7.8999996,7.8999996,0,14,18.79255,29.519999,77.74232,6.27,0.89635205
2023-04-22,63,10.6805,6.1805,8.061749,7.9243126,3.3702078,5.5391026,0,0,18.2,18.2,0,19,13.324863,24.48,73.5379,4.81,0.92847276
2023-04-23,61,9.9305,6.8805003,8.417999,7.7506123,4.344139,6.116026,0,0,20.199999,20.199999,0,20,15.328561,25.199999,120.72235,6.57,1.0126781
2023-04-24,51,10.3805,4.5805,7.7805,8.3258295,2.2591562,5.725458,0,0,1.2,1.2,0,5,12.261158,25.56,282.7909,17.82,2.077978
2023-04-25,51,10.5305,5.3305,7.9555,8.985022,2.6887307,5.7021904,0,0,0.1,0.1,0,1,12.287555,22.319998,84.10941,16.77,2.0593383
2023-04-26,61,12.580501,5.8305,8.426332,11.149811,3.7566338,6.684502,0,0,3.7999997,3.7999997,0,8,13.5515,23.4,326.31058,11.32,1.5484354
2023-04-27,3,13.1305,5.0305004,9.182583,10.64301,2.4784365,7.060261,0,0,0,0,0,0,19.008547,34.56,306.932,23.49,2.722822
2023-04-28,1,19.1805,8.6305,13.767999,17.669334,6.2892094,12.432472,0,0,0,0,0,0,14.003028,25.919998,305.91547,25.06,3.6483293
2023-04-29,1,19.8305,9.9805,15.947166,19.784029,6.688349,14.33028,0,0,0,0,0,0,19.35314,34.2,110.54621,24.65,4.099366
2023-04-30,51,13.9805,9.830501,11.845085,11.888348,6.8332624,9.77625,0,0,0.9000001,0.9000001,0,5,22.346113,36.719997,109.55633,10.26,1.668006
2023-05-01,51,13.6805,9.2305,11.351333,12.18947,6.3204184,9.334719,0,0,0.1,0.1,0,1,22.89611,42.48,291.2839,18.88,2.272427
2023-05-02,3,18.130499,8.2805,13.236752,17.131216,6.062681,11.8688965,0,0,0,0,0,0,19.201874,32.399998,309.92892,24.48,3.367856
2023-05-03,3,17.4805,11.0305,14.586749,17.136784,9.860438,13.354297,0,0,0,0,0,0,19.164719,30.960001,84.22572,22.33,3.3968067
2023-05-04,51,16.530499,9.9305,12.957584,16.93633,6.600382,11.23185,0,0,0.3,0.3,0,2,22.782625,37.8,110.00496,20.43,2.850443
2023-05-05,63,10.580501,9.3805,9.8325815,8.441216,6.8733864,7.385689,0,0,25.400002,25.400002,0,22,20.447239,34.56,122.14232,3.8,0.6626103
2023-05-06,51,12.0305,8.1805,9.901332,10.084553,6.352068,7.915117,0,0,2.6999996,2.6999996,0,13,14.182355,25.56,104.90198,9.04,1.3144369
2023-05-07,53,13.6305,7.5305004,10.461751,13.212528,5.5181656,8.998286,0,0,1.5000001,1.5000001,0,6,10.948973,23.4,146.30994,20.35,2.731803
2023-05-08,51,14.2305,5.9305,10.397166,13.411926,3.6678352,9.0843935,0,0,0.1,0.1,0,1,10.805999,24.119999,273.65213,24.12,3.1259196
2023-05-09,51,14.3805,7.9305,11.263832,14.131418,5.8262367,9.71618,0,0,0.5,0.5,0,5,12.605142,23.039999,44.10498,21.43,2.8871841
2023-05-10,1,16.3305,6.7805004,11.684667,15.760546,4.630659,10.886654,0,0,0,0,0,0,10.446206,23.759998,289.06265,26.01,3.46921
2023-05-11,2,19.630499,8.7805,13.784667,20.420023,6.831833,13.151223,0,0,0,0,0,0,10.464798,21.96,107.38251,26.07,3.911867
2023-05-12,1,20.8305,10.8805,16.140919,22.169817,8.959848,15.389972,0,0,0,0,0,0,12.475961,21.599998,303.03052,26.33,4.2880697
2023-05-13,1,23.4305,13.1805,18.36383,25.21354,11.542745,17.946646,0,0,0,0,0,0,17.581125,28.08,309.40637,26.99,4.7953453
2023-05-14,0,26.030499,15.3805,20.349249,25.547745,14.149742,20.122894,0,0,0,0,0,0,15.072783,27.359999,312.41412,27.33,5.1445136
2023-05-15,0,27.530499,16.6805,21.415916,31.230091,15.487854,22.536858,0,0,0,0,0,0,11.298495,18.72,311.0274,26.66,5.149596
2023-05-16,0,19.380499,14.9805,17.18883,19.649347,11.353317,16.014727,0,0,0,0,0,0,27.77838,43.92,103.745834,26.41,4.3967786
2023-05-17,0,21.0805,13.4805,16.978415,22.490038,13.545305,17.90114,0,0,0,0,0,0,11.874544,25.199999,282.68936,25.84,3.9029586
2023-05-18,2,22.880499,14.0305,18.876333,24.642948,13.729965,19.141277,0,0,0,0,0,0,18.129137,29.16,117.09356,25.81,4.5249367
2023-05-19,51,19.9805,12.8805,16.397165,20.73592,11.039045,16.057041,0,0,0.3,0.3,0,2,18.448023,29.16,106.5947,26.72,4.135597
2023-05-20,3,19.630499,12.4805,16.253414,21.963383,12.01387,16.563406,0,0,0,0,0,0,10.636766,23.039999,136.39717,25.24,3.849049
2023-05-21,51,16.9305,11.6305,14.401332,16.163803,9.39837,12.944581,0,0,0.5,0.5,0,3,16.167967,28.8,112.5616,18.7,2.9586697
2023-05-22,51,15.8805,11.6305,13.197166,13.618803,8.254906,10.647044,0,0,0.1,0.1,0,1,27.238941,46.079998,266.12872,19.47,3.0528548
2023-05-23,51,14.2805,9.1305,12.172166,12.294163,6.883814,10.580785,0,0,0.1,0.1,0,1,13.397612,26.28,277.28387,14.77,2.3113053
2023-05-24,2,17.030499,9.6805,13.701332,16.502443,8.996847,12.970242,0,0,0,0,0,0,12.324414,27.72,279.36444,23.88,3.5351973
2023-05-25,1,20.780499,10.580501,15.726334,20.43961,10.589342,15.327442,0,0,0,0,0,0,13.661038,28.08,293.26657,25.28,3.9079423
2023-05-26,0,21.780499,12.9305,17.301332,23.227568,12.344858,17.783672,0,0,0,0,0,0,12.6462,25.199999,269.99997,27.29,4.4269586
2023-05-27,3,17.9805,12.2305,15.559665,18.963453,11.085636,15.482079,0,0,0,0,0,0,14.081478,24.48,154.14813,25.84,3.9005516
2023-05-28,3,17.9305,10.4305,14.334666,17.991592,8.096043,12.839957,0,0,0,0,0,0,16.575644,29.88,111.82174,23.2,3.629535
2023-05-29,3,17.880499,10.4805,14.295083,18.543888,7.9515305,12.800987,0,0,0,0,0,0,18.014393,30.239998,110.439735,23.77,3.7410069
2023-05-30,3,16.1805,9.8805,13.030499,14.780842,6.624258,10.797835,0,0,0,0,0,0,17.313717,27.72,131.91896,22.63,3.6698422
2023-05-31,3,16.530499,9.2305,12.890916,14.579929,6.129019,10.344161,0,0,0,0,0,0,16.62249,30.960001,284.33533,24.34,3.899453
2023-06-01,3,17.4305,8.2805,13.626332,16.755507,4.917797,11.858193,0,0,0,0,0,0,18.089775,29.519999,119.683136,25.78,3.978207
2023-06-02,2,19.4305,9.6305,14.6867485,18.315462,6.801712,12.525112,0,0,0,0,0,0,16.919998,31.68,115.1909,28.14,4.66198
2023-06-03,2,20.4305,10.830501,15.732583,20.590733,7.8088074,13.747182,0,0,0,0,0,0,18.089775,27.72,120.510216,28.8,5.107003
2023-06-04,2,18.630499,12.6805,15.484668,14.682634,9.549852,11.928809,0,0,0,0,0,0,25.045238,46.079998,289.60416,29.96,5.4686165
2023-06-05,0,19.5805,10.9305,15.309667,16.02382,8.171816,12.3468485,0,0,0,0,0,0,27.416782,46.8,297.26392,29.58,5.0143833
2023-06-06,0,24.030499,13.2805,18.295082,21.432749,10.8060465,16.103327,0,0,0,0,0,0,21.407139,39.6,302.2854,29.8,5.672441
2023-06-07,1,26.880499,14.5305,20.065916,27.402077,13.560743,19.399406,0,0,0,0,0,0,12.313893,26.28,289.72543,29.74,5.685971
2023-06-08,3,21.130499,13.8805,18.23675,20.529663,10.125023,16.224762,0,0,0,0,0,0,26.282465,44.28,112.84326,27.85,5.4329033
2023-06-09,61,16.9805,12.2305,14.8534155,14.25531,11.015715,12.498059,0,0,5.2,5.2,0,6,22.7057,38.519997,105.41078,7.77,2.3281908
2023-06-10,61,14.7305,11.5305,13.065917,14.64019,9.524487,12.261897,0,0,10.599999,10.599999,0,15,15.226764,25.56,101.06348,6.84,1.1953033
2023-06-11,3,19.8305,12.2805,15.972168,19.818928,12.26022,15.71465,0,0,0,0,0,0,21.175835,38.88,292.06052,26.61,3.765193
2023-06-12,1,22.0805,12.9805,17.061749,24.694794,13.243641,17.473053,0,0,0,0,0,0,13.089354,25.919998,286.55273,28.33,4.4033117
2023-06-13,63,17.030499,13.2305,15.470082,16.961569,9.308299,14.18234,0,0,11.3,11.3,0,8,30.413074,51.12,269.66876,14.49,2.5375614
2023-06-14,2,16.380499,11.4805,13.492999,16.549976,8.852109,11.552808,0,0,0,0,0,0,18.792551,39.6,260.16315,20.61,3.2818947
2023-06-15,3,17.8305,11.080501,14.709663,17.65031,9.424105,13.91468,0,0,0,0,0,0,14.168641,30.960001,177.56339,23.19,3.5696576
2023-06-16,53,19.0805,12.2805,15.297166,17.779291,10.019452,14.243396,0,0,1.7,1.7,0,4,16.09969,28.08,126.10964,14.43,2.5568004
2023-06-17,61,16.5805,11.7805,14.447166,15.645651,9.8649845,12.53394,0,0,2.1,2.1,0,2,24.693481,43.199997,253.27705,23.45,3.7817788
2023-06-18,53,14.3805,10.7305,12.355499,12.619253,7.224102,9.743688,0,0,1.3000001,1.3000001,0,6,21.398056,37.079998,271.8684,26.07,3.7962728
2023-06-19,51,13.2805,8.4805,11.215916,11.284449,6.007573,9.008523,0,0,2.9,2.9,0,12,17.163355,28.44,107.9536,10.12,1.703964
2023-06-20,51,15.580501,10.4805,12.765918,14.275568,7.971937,11.187818,0,0,1.6000001,1.6000001,0,9,16.75064,27.72,119.90585,13.65,2.1602807
2023-06-21,51,17.0805,10.7305,14.1971655,16.944172,8.806202,13.225614,0,0,0.2,0.2,0,2,13.138765,24.119999,113.86266,15.9,2.5374982
2023-06-22,3,20.630499,11.1805,15.884666,20.350643,11.278109,15.7369,0,0,0,0,0,0,15.596767,30.960001,290.73148,28.08,4.279359
2023-06-23,1,22.6805,13.0305,18.442999,24.670305,13.013445,18.598911,0,0,0,0,0,0,19.110542,29.519999,220.42555,27.78,4.8349476
2023-06-24,3,19.030499,12.9805,15.957584,19.190086,9.546146,14.024048,0,0,0,0,0,0,27.51116,45.719997,114.871284,26.48,4.4216466
2023-06-25,1,19.9305,12.330501,16.447166,21.15975,12.066643,16.476002,0,0,0,0,0,0,10.182337,24.84,241.56529,26.18,4.130741
2023-06-26,3,20.3305,12.8805,17.180498,21.608402,13.164106,17.175135,0,0,0,0,0,0,17.283749,26.64,134.20276,27.22,4.47232
2023-06-27,1,21.2305,13.330501,17.359667,21.451208,12.3255825,16.631765,0,0,0,0,0,0,15.496736,26.64,119.034645,27.96,4.7416625
2023-06-28,1,22.9305,14.9805,18.955502,23.371689,13.484549,18.22542,0,0,0,0,0,0,18.888851,28.8,116.565,28.73,5.2417054
2023-06-29,3,23.2305,14.7305,19.240915,23.833832,12.763836,18.561052,0,0,0,0,0,0,20.192118,31.319998,119.27512,24.58,4.620068
2023-06-30,3,23.2305,15.7805,19.407585,24.57087,16.392548,20.06967,0,0,0,0,0,0,14.24163,29.519999,242.09164,27.84,4.745682
2023-07-01,1,22.030499,12.1805,17.46383,21.462524,9.295268,15.795575,0,0,0,0,0,0,18.792551,30.960001,245.11668,28.85,5.3241014
2023-07-02,0,22.7305,13.7805,18.147167,21.004068,11.86248,16.5833,0,0,0,0,0,0,24.975283,39.239998,290.2649,29.26,5.4513206
2023-07-03,0,25.030499,13.830501,19.340918,23.79881,13.278347,18.347977,0,0,0,0,0,0,22.127556,38.88,298.1527,28,5.242336
2023-07-04,2,26.6805,16.7305,21.692999,27.222046,15.630474,21.155237,0,0,0,0,0,0,18.532133,29.88,295.19598,25.56,5.4142447
2023-07-05,1,27.4305,16.780499,21.634668,26.937302,16.603115,21.830671,0,0,0,0,0,0,12.015589,27.72,283.8514,27.97,5.3884277
2023-07-06,1,25.130499,16.6805,21.599249,26.368355,17.272661,21.864405,0,0,0,0,0,0,17.643673,25.919998,230.90604,27.87,5.486706
2023-07-07,2,23.4305,14.9305,19.159666,24.02517,12.172796,17.808628,0,0,0,0,0,0,23.499481,38.519997,113.887215,27.53,5.3752184
2023-07-08,3,21.780499,14.580501,17.984665,21.778347,12.410881,16.541918,0,0,0,0,0,0,23.051247,35.64,120.415016,27.41,5.003496
2023-07-09,1,22.880499,13.8805,18.465914,23.34902,12.781467,17.751316,0,0,0,0,0,0,16.516901,26.64,127.184784,28.96,5.2585254
2023-07-10,2,20.130499,13.0305,16.586748,18.086296,9.220995,13.823995,0,0,0,0,0,0,27.72,44.639996,111.225464,24.86,4.6589246
2023-07-11,3,20.8305,13.8805,17.5305,20.611704,11.665012,16.10824,0,0,0,0,0,0,19.164719,30.599998,121.90657,23.52,4.356749
2023-07-12,2,22.2305,14.4305,18.54925,22.10008,14.277966,17.947086,0,0,0,0,0,0,18.089775,27.359999,126.78577,24.52,4.553222
2023-07-13,1,23.3305,13.9305,18.890917,23.589434,11.97381,17.921667,0,0,0,0,0,0,17.935081,27.72,118.83536,27.89,5.243852
2023-07-14,1,25.780499,15.1805,20.365915,26.16244,15.166607,20.31991,0,0,0,0,0,0,11.27553,26.64,224.40942,28.19,5.245213
2023-07-15,2,27.4805,15.8805,21.31175,28.2328,16.645525,21.774748,0,0,0,0,0,0,13.1041975,23.759998,187.85323,26.27,5.1780896
2023-07-16,0,24.9805,15.1305,20.372168,26.499386,13.676041,20.190493,0,0,0,0,0,0,13.75558,24.84,130.52777,27.72,5.183944
2023-07-17,53,22.4805,16.4305,19.592999,20.77091,16.029085,18.422571,0,0,0.6,0.6,0,1,17.114204,34.2,269.03827,25.45,5.0287943
2023-07-18,1,23.1805,13.6805,18.817999,23.322474,13.218433,18.481842,0,0,0,0,0,0,14.685176,30.599998,250.26949,25.78,4.6821322
2023-07-19,0,26.9805,16.030499,21.62425,27.018171,16.68402,21.982721,0,0,0,0,0,0,12.245294,27.72,280.28973,27.64,5.3240914
2023-07-20,1,27.0805,16.6805,22.434664,27.85648,17.854053,22.493872,0,0,0,0,0,0,22.065973,33.12,127.609634,25.33,5.378567
2023-07-21,2,24.2305,15.6805,19.96175,26.026573,13.650192,18.977238,0,0,0,0,0,0,22.45315,36,117.37048,26.64,5.3579283
2023-07-22,1,24.4305,15.2805,20.1055,24.873034,13.318052,19.105265,0,0,0,0,0,0,18.947083,33.48,122.80228,26.23,5.244834
2023-07-23,2,24.8305,16.2305,20.15133,25.766628,16.371847,20.137918,0,0,0,0,0,0,10.853866,26.28,173.65988,24.67,4.727567
2023-07-24,63,19.630499,15.080501,16.817999,19.740892,13.891373,16.512629,0,0,14.4,14.4,0,15,19.559633,33.12,102.25358,6.09,1.3607633
2023-07-25,61,18.280499,13.1305,15.372165,18.871437,11.3937645,14.917565,0,0,5.5999994,5.5999994,0,11,17.654686,29.16,116.39047,12.38,2.010885
2023-07-26,51,19.6805,14.1805,16.772167,19.127148,14.005814,16.736856,0,0,0.6,0.6,0,6,16.299694,28.44,281.63358,20.86,3.3816261
2023-07-27,2,21.630499,14.0305,17.757582,23.035465,14.276234,18.484516,0,0,0,0,0,0,12.074766,23.759998,229.25407,25.07,4.0702224
2023-07-28,1,22.5805,14.7305,18.542997,23.274328,15.286568,19.178215,0,0,0,0,0,0,10.464798,23.4,218.7843,26.23,4.3121305
2023-07-29,2,22.7305,14.5305,18.086748,21.93864,12.581158,16.653446,0,0,0,0,0,0,22.805367,37.8,109.35454,24.43,4.5000634
2023-07-30,51,21.9805,13.1305,17.49092,22.036736,11.572943,16.414534,0,0,0.1,0.1,0,1,14.081478,28.08,129.53613,24.13,4.2932925
2023-07-31,1,22.530499,12.9305,17.888834,22.214365,12.124207,17.530407,0,0,0,0,0,0,14.05845,29.519999,252.93707,25.2,4.3661957
2023-08-01,0,23.130499,14.1805,18.763832,23.571234,13.725271,18.675358,0,0,0,0,0,0,12.783802,29.88,256.74408,25.78,4.547307
2023-08-02,2,22.030499,14.7805,18.909666,22.038681,14.686232,18.712317,0,0,0,0,0,0,17.654688,33.12,284.42084,21.5,3.9239244
2023-08-03,51,24.530499,14.8805,19.897165,24.629887,15.515282,20.1597,0,0,0.2,0.2,0,1,13.084402,28.8,263.6035,25.09,4.653156
2023-08-04,0,25.280499,15.1805,20.172165,25.22374,15.492809,20.369755,0,0,0,0,0,0,11.5199995,27,187.6505,25.5,4.7772503
2023-08-05,2,24.9305,16.280499,20.468,25.735521,17.419153,20.692839,0,0,0,0,0,0,17.294992,25.919998,135.94948,18.87,3.867683
2023-08-06,51,23.880499,17.030499,20.328417,25.902575,17.358763,20.666395,0,0,0.5,0.5,0,2,17.673029,26.64,124.87208,21.55,4.152938
2023-08-07,53,22.630499,16.630499,19.820082,23.784588,16.528633,20.048391,0,0,1.1,1.1,0,3,15.986595,26.64,114.13376,20.03,3.7721024
2023-08-08,51,23.3305,16.530499,19.145084,24.186298,15.119453,18.609478,0,0,0.2,0.2,0,2,18,31.319998,115.85389,15.69,3.3252375
2023-08-09,61,21.6805,16.280499,18.17425,21.579107,16.071701,18.612421,0,0,6.5,6.5,0,13,15.978484,27.72,122.207695,13.75,2.3582752
2023-08-10,51,21.7305,14.6305,17.768,22.843502,13.584099,18.11272,0,0,1.4000001,1.4000001,0,6,13.441071,26.28,197.98737,21.24,3.5500739
2023-08-11,3,22.2305,13.8805,18.3055,23.116585,13.929062,18.856174,0,0,0,0,0,0,11.043261,25.56,246.42526,21.66,3.7053692
2023-08-12,3,23.4805,15.080501,19.313833,24.693668,15.558619,20.360338,0,0,0,0,0,0,13.1041975,26.64,272.72623,22.78,3.9513986
2023-08-13,1,25.380499,17.6805,21.399248,26.263525,18.191795,22.037476,0,0,0,0,0,0,21.868332,38.88,295.97723,23.68,4.258631
2023-08-14,0,26.2305,17.8305,21.768,27.097889,17.82609,22.63632,0,0,0,0,0,0,19.386593,34.92,292.0363,23.89,4.316555
2023-08-15,0,25.880499,18.130499,22.157583,27.349268,18.888935,23.455275,0,0,0,0,0,0,15.459054,27.359999,294.7684,23.71,4.4159927
2023-08-16,0,26.5805,17.7305,21.859667,27.780388,18.382343,23.02963,0,0,0,0,0,0,14.372974,28.08,294.86157,23.18,4.384135
2023-08-17,0,23.880499,17.630499,20.882582,25.12657,15.201485,21.355982,0,0,0,0,0,0,23.933907,36.719997,286.68323,22.98,4.3536205
2023-08-18,0,20.280499,14.2305,16.959665,17.572393,10.638364,13.921254,0,0,0,0,0,0,35.1862,59.76,277.3481,23.67,4.3462577
2023-08-19,0,22.880499,13.9305,17.907583,20.645317,12.622517,16.403912,0,0,0,0,0,0,22.553934,40.68,300.2906,22.88,4.150443
2023-08-20,1,21.4805,14.4305,17.720083,19.674524,12.847597,16.463366,0,0,0,0,0,0,20.188908,37.079998,296.78232,19.88,3.575698
2023-08-21,3,21.3305,11.9305,16.813833,21.725332,11.900286,16.387108,0,0,0,0,0,0,21.26744,32.039997,208.52312,22.81,3.9863315
2023-08-22,2,20.630499,12.5305,16.451334,18.797047,9.821273,14.0754595,0,0,0,0,0,0,23.0653,36.36,107.83029,19.71,3.867046
2023-08-23,2,20.9805,13.6805,16.755499,20.00047,11.749094,15.486739,0,0,0,0,0,0,16.981165,30.239998,120.563,20.47,3.6417582
2023-08-24,1,21.6805,12.0305,17.428417,19.79693,11.316833,16.485857,0,0,0,0,0,0,19.694992,36.36,298.62326,22.22,3.8974357
2023-08-25,51,25.530499,16.380499,19.934664,25.35144,15.861422,19.9342,0,0,0.1,0.1,0,1,9.957108,23.759998,291.28265,14.93,3.0416417
2023-08-26,0,26.130499,15.1805,20.793,25.80424,14.979364,20.511318,0,0,0,0,0,0,16.595179,31.319998,299.22794,21.85,4.474037
2023-08-27,1,28.4305,16.6805,22.653414,27.69558,16.235523,22.470863,0,0,0,0,0,0,14.869351,22.319998,154.29002,21.84,4.5510116
2023-08-28,1,23.6805,14.9805,18.663834,25.085253,13.10578,17.557081,0,0,0,0,0,0,24.850431,38.519997,110.28524,19.16,3.8428319
2023-08-29,63,18.4805,14.7305,16.128416,19.010977,13.762745,15.764107,0,0,9.1,9.1,0,13,23.084955,37.44,122.85571,7.36,1.4948472
2023-08-30,51,20.8305,14.8805,17.320084,21.251917,14.206173,17.00711,0,0,0.8,0.8,0,4,20.008356,33.839996,242.09125,19.39,3.1698372
2023-08-31,53,19.380499,13.830501,16.559666,19.148104,13.887976,16.67372,0,0,3.5,3.5,0,7,12.224107,24.48,308.36227,14.75,2.2863052
2023-09-01,1,22.0805,14.7305,17.705502,22.157883,14.182117,17.605639,0,0,0,0,0,0,16.862455,30.960001,303.39008,20.4,3.2071505
2023-09-02,1,22.780499,14.1305,18.67425,25.118013,13.753813,19.684933,0,0,0,0,0,0,10.587917,21.24,293.25925,20.31,3.3041117
2023-09-03,55,18.8305,14.080501,16.613832,18.468891,14.816816,17.090242,0,0,2.3999999,2.3999999,0,8,16.071491,28.44,154.59767,11.59,1.8661072
2023-09-04,3,17.880499,13.1305,14.984665,16.982222,12.429251,14.296082,0,0,0,0,0,0,16.454008,28.44,262.35144,12.92,2.0956893
2023-09-05,51,18.780499,13.2305,15.438831,17.511837,11.940657,14.205727,0,0,0.2,0.2,0,2,14.494192,26.64,113.613396,16.74,2.7735133
2023-09-06,55,18.4805,11.830501,14.690914,18.348202,10.935621,13.794585,0,0,1.5,1.5,0,3,12.6462,23.4,83.18587,13.87,2.3288352
2023-09-07,2,19.130499,12.7305,15.849248,19.31893,11.909002,15.603969,0,0,0,0,0,0,10.446206,22.319998,282.07764,18.6,2.920962
2023-09-08,2,19.4305,12.2305,15.276334,19.383213,11.844658,15.23447,0,0,0,0,0,0,10.799999,22.68,267.85907,19.43,2.968321
2023-09-09,0,22.130499,11.8805,17.23675,22.775595,11.209114,17.465372,0,0,0,0,0,0,8.39657,19.8,291.06598,19.42,3.256185
2023-09-10,2,23.5805,13.3805,18.211752,23.104183,12.578926,17.923618,0,0,0,0,0,0,13.281023,25.919998,118.41256,16.67,3.093766
2023-09-11,53,20.4805,15.1305,16.988832,21.203836,14.310596,17.177437,0,0,1.5,1.5,0,4,15.226764,23.759998,95.81358,11.07,2.0267658
2023-09-12,53,16.1805,13.080501,14.557582,15.895763,11.347772,13.585979,0,0,2.8999999,2.8999999,0,6,16.215992,27.359999,93.250916,4.89,1.1463693
2023-09-13,3,18.8305,11.1805,15.16175,18.668537,11.295747,14.911399,0,0,0,0,0,0,15.034041,27.359999,287.9874,15.92,2.5072014
2023-09-14,1,20.630499,11.080501,16.032583,19.581917,10.153018,15.490729,0,0,0,0,0,0,13.009903,26.64,303.31775,18.57,3.0104985
2023-09-15,0,21.4305,12.6805,17.8555,22.932283,11.632224,17.963766,0,0,0,0,0,0,8.557102,19.08,284.3814,18.46,3.0506084
2023-09-16,3,21.8305,12.6305,17.01175,22.311882,12.894276,17.054085,0,0,0,0,0,0,9.531505,20.519999,121.37749,17.88,3.069614
2023-09-17,55,18.9305,11.9305,15.457584,16.478865,9.891055,13.170051,0,0,2.2,2.2,0,3,18.998314,33.839996,110.06657,14.64,2.989439
2023-09-18,61,16.4805,12.3805,14.553417,15.53227,8.016142,11.167605,0,0,3.6999998,3.6999998,0,4,35.870163,60.120003,278.78317,17.75,3.1338983
2023-09-19,63,15.330501,10.3805,12.174251,13.558416,8.015232,10.510493,0,0,16.7,16.7,0,12,16.24394,31.68,105.83376,8.44,1.4081821
2023-09-20,53,15.6805,9.9805,12.749249,14.472021,8.978643,11.524802,0,0,1.6,1.6,0,4,17.992796,32.399998,303.24173,15.88,2.0068488
2023-09-21,1,18.4805,9.580501,13.918,17.127048,7.465871,12.378467,0,0,0,0,0,0,15.629972,28.44,304.73486,17.27,2.5665338
2023-09-22,1,19.880499,9.580501,14.707583,18.892044,8.234375,13.636314,0,0,0,0,0,0,13.358861,20.519999,106.206985,16.58,2.591646
2023-09-23,63,15.4805,10.830501,13.107582,12.730581,9.28139,11.297227,0,0,9.1,9.1,0,14,23.557316,37.8,105.316055,4.9,0.9809218
2023-09-24,61,18.280499,8.2805,13.236751,14.86454,6.3907566,10.91999,0,0,4.6,4.6,0,6,28.137634,44.639996,87.53917,9.65,2.0699258
2023-09-25,63,14.8805,12.2805,13.874248,13.807968,10.087509,11.334843,0,0,22.800001,22.800001,0,24,27.595823,43.199997,97.57774,1.83,0.8283878
2023-09-26,63,15.3805,10.830501,12.884666,12.991049,8.104845,10.838107,0,0,18.199999,18.199999,0,15,20.608229,35.64,106.75263,8.26,1.2433916
2023-09-27,53,14.1805,11.2805,12.263833,12.179298,9.539795,10.99504,0,0,6.5,6.5,0,16,19.523155,33.839996,319.49258,7.35,1.1060998
2023-09-28,61,13.5305,9.4805,11.351333,12.988993,8.178397,9.9802885,0,0,7,7,0,12,12.6462,27,215.62793,11.29,1.5126426
2023-09-29,51,13.2805,6.7305,10.3555,10.690991,5.1763153,8.612514,0,0,0.6,0.6,0,4,20.46941,34.92,305.83774,13.32,1.6626085
2023-09-30,1,14.1805,9.1305,11.415917,12.6740055,7.058696,9.389595,0,0,0,0,0,0,19.242327,33.48,295.32928,14.85,1.7434207
2023-10-01,3,14.9805,7.5305004,11.274251,13.666653,5.266445,9.73167,0,0,0,0,0,0,14.081478,23.4,301.07516,13.8,1.8827087
2023-10-02,61,12.080501,9.4305,11.090917,11.73773,6.629113,9.141131,0,0,11.199999,11.199999,0,12,18.416384,29.16,78.18306,1.9,0.5310224
2023-10-03,3,13.6805,9.5305,11.607582,13.081503,7.7775316,10.410617,0,0,0,0,0,0,14.007655,24.119999,287.35406,11.71,1.5413928
2023-10-04,3,14.6305,10.3805,12.499251,14.294106,9.343692,12.12684,0,0,0,0,0,0,5.937272,12.24,155.85445,7.14,1.0862364
2023-10-05,3,15.7805,10.080501,13.028416,14.201405,8.792505,11.952281,0,0,0,0,0,0,17.727943,31.68,302.83093,13.8,1.6950276
2023-10-06,1,18.380499,11.0305,14.576333,19.485064,9.946683,14.222835,0,0,0,0,0,0,9.673221,18,302.56174,13.06,1.897596
2023-10-07,1,20.6805,12.5305,16.836752,23.059084,12.120106,17.063547,0,0,0,0,0,0,9.6932955,13.32,21.194094,12.83,2.059084
2023-10-08,1,21.380499,13.2305,16.29925,21.935518,11.115173,15.414406,0,0,0,0,0,0,20.345573,32.399998,101.566956,12.03,2.11326
2023-10-09,61,16.8305,12.4805,15.1055,15.266525,12.146299,13.765625,0,0,9.400001,9.400001,0,12,20.774214,33.12,84.08543,2.17,0.9628783
2023-10-10,61,12.7305,10.6805,11.513832,11.172218,7.581026,8.642759,0,0,11.2,11.2,0,21,24.503809,40.32,86.97507,3.39,0.8467199
2023-10-11,51,15.830501,9.3805,12.403416,14.019592,7.937639,10.431918,0,0,0.70000005,0.70000005,0,5,20.966715,35.28,351.5945,11.32,1.6646205
2023-10-12,3,14.9305,8.2305,11.540916,15.1315155,6.8861637,10.911354,0,0,0,0,0,0,8.435069,14.4,52.69599,11.72,1.5476645
2023-10-13,53,19.630499,8.7805,13.797166,18.907145,7.3665695,12.810998,0,0,2.1,2.1,0,4,19.559633,29.88,88.40444,10.89,1.791485
2023-10-14,55,16.630499,11.8805,13.303417,14.577862,9.477114,11.405854,0,0,5.6,5.6,0,14,19.64558,30.960001,83.828285,7.33,1.3061495
2023-10-15,63,19.4305,12.1305,14.601331,18.64444,9.940323,13.442951,0,0,15.7,15.7,0,10,17.58481,27.72,68.8951,6.8,1.3710188
2023-10-16,63,15.6805,9.1305,13.028417,15.0847,7.1657095,11.877373,0,0,14.299999,14.299999,0,10,19.513195,33.12,114.880356,4.1,0.7275433
2023-10-17,63,12.1305,8.3805,10.305499,10.325577,6.0207415,8.136029,0,0,19.300001,19.300001,0,17,19.386593,30.960001,76.95847,2.39,0.59277594
2023-10-18,63,13.580501,10.5305,12.263832,12.893408,7.8507347,10.710294,0,0,47,47,0,24,20.188908,33.48,64.750725,1.41,0.53921914
2023-10-19,63,14.6305,12.830501,13.707583,14.410702,11.695547,12.729505,0,0,22.8,22.8,0,15,18.64369,29.88,93.63072,3.23,0.529026
2023-10-20,3,12.6805,10.6305,11.563834,12.673897,8.281191,10.248925,0,0,0,0,0,0,18.204042,28.08,293.7406,5.11,0.69612384
2023-10-21,3,13.080501,9.4805,11.001334,11.096533,8.729417,9.704671,0,0,0,0,0,0,14.345898,24.119999,296.6624,5.45,0.7827752
2023-10-22,51,12.3805,7.7805004,10.3534155,10.6714325,5.95648,9.066129,0,0,0.6,0.6,0,3,11.113451,21.599998,292.59183,9.8,1.1096922
2023-10-23,51,9.7805,7.9805,8.6305,7.0308237,4.276726,5.3266664,0,0,0.1,0.1,0,1,24.717085,41.039997,280.02786,7.33,1.2270827
2023-10-24,73,7.9305,4.0805,6.0034175,5.2716904,0.3980751,2.489215,0,0,24.999998,24.399996,0.42000002,18,23.749088,45.36,67.61449,1.3,0.42843702
2023-10-25,55,8.580501,2.9305,5.5659165,5.5096216,-0.44128323,2.5373576,0,0,4.9999995,4.9999995,0,10,19.13426,31.319998,268.6895,8.24,1.042483
2023-10-26,2,8.6305,1.4305,5.5034175,5.598181,-1.8699584,2.5968578,0,0,0,0,0,0,14.917212,25.56,338.46597,9.67,1.1194429
2023-10-27,2,7.5805,2.0805,4.893,3.6672707,-0.9804015,1.8681246,0,0,0,0,0,0,14.934577,24.84,297.79034,9.46,1.0800005
2023-10-28,2,7.1805,-0.7195,4.1596665,3.798194,-3.9549887,1.087676,0,0,0,0,0,0,12.0694,23.039999,309.52255,9.33,0.9651124
2023-10-29,1,8.9305,2.6805,5.684667,5.8761806,-0.07679033,2.8901281,0,0,0,0,0,0,12.10157,21.599998,299.4622,9.13,0.9759973
2023-10-30,0,9.6805,1.7804999,6.2534165,7.4003887,-1.7164145,3.4698172,0,0,0,0,0,0,10.948973,19.8,298.70816,8.98,1.0163714
2023-10-31,2,10.4305,2.3305,6.8430004,9.442848,-0.6042981,4.770357,0,0,0,0,0,0,8.225035,13.679999,281.72076,7.86,0.90216196
2023-11-01,61,11.9305,3.0305,7.988833,10.060617,-0.2829132,5.7319474,0,0,3.6,3.6,0,4,13.363711,21.24,20.311142,4.47,0.7600153
2023-11-02,63,13.0305,7.4805,9.965916,11.770529,5.1649866,8.010807,0,0,56.000004,56.000004,0,18,21.24305,34.92,86.714775,3.12,0.47883832
2023-11-03,61,11.7305,7.3305,9.695083,9.703583,5.1379166,7.4318867,0,0,2.7,2.7,0,7,20.46941,33.839996,80.224846,3.09,0.5724183
2023-11-04,65,14.1805,9.4305,11.678417,13.198673,7.2345963,9.93563,0,0,35.199997,35.199997,0,16,21.437386,38.88,106.52036,3.54,0.50857544
2023-11-05,63,11.7805,8.1305,9.657583,9.457133,5.14919,6.9154563,0,0,39.199997,39.199997,0,22,22.751316,36,81.33269,2.9,0.55013454
2023-11-06,61,11.1305,8.830501,9.509666,9.251951,6.635953,7.242883,0,0,16,16,0,15,16.09969,30.239998,82.267494,1.65,0.43952906
2023-11-07,61,9.2805,6.6305003,8.584666,7.8437557,2.6250868,4.7754436,0,0,3.3,3.3,0,6,32.048088,51.48,279.20834,6.28,1.0193148
2023-11-08,51,8.330501,5.4805,7.0555,5.8722496,2.795826,4.4866967,0,0,1.3000002,1.3000002,0,9,14.05845,21.96,79.95181,1.39,0.32688826
2023-11-09,61,9.6805,4.0805,6.8242493,7.539673,1.6556072,4.2022905,0,0,6.6,6.6,0,8,18.35647,29.519999,101.76827,2.11,0.4975983
2023-11-10,63,8.080501,5.0305004,7.02425,5.2018223,2.0770879,3.978419,0,0,19.2,19.2,0,22,27.698954,45.36,123.690094,1.43,0.26469892
2023-11-11,63,10.5305,4.2805004,8.226334,7.758933,1.708314,5.005324,0,0,30.7,30.7,0,13,37.11319,60.120003,181.10793,4.18,0.6481301
2023-11-12,63,9.3805,3.9305,7.072167,7.09896,0.3593645,3.4600976,0,0,11.8,11.8,0,13,26.302181,41.039997,78.51803,2.31,0.6302504
2023-11-13,53,7.9305,1.9805,6.3034167,5.8154755,-0.45126557,3.771231,0,0,1.1,1.1,0,4,15.175612,31.319998,284.48608,6.18,0.6208199
2023-11-14,3,7.5305004,1.2804999,4.3638334,5.1569834,-1.4485533,2.044496,0,0,0,0,0,0,8.707238,16.56,310.50943,5.14,0.5727275
2023-11-15,51,7.0805,2.4305,4.3867507,3.85608,-0.13047886,1.8997978,0,0,0.4,0.4,0,3,15.827721,27.359999,323.13004,3.42,0.4577598
2023-11-16,2,6.6805,0.7305,3.0575836,4.17525,-1.8492038,0.3887767,0,0,0,0,0,0,8.287822,12.959999,329.90152,6,0.6147556
2023-11-17,0,8.0305,1.4805,5.1617503,5.4805384,-1.8590455,2.4233525,0,0,0,0,0,0,8.669949,15.119999,324.22977,6.04,0.68493986
2023-11-18,55,10.080501,3.0305,6.9659176,7.9906178,-0.40726018,4.568035,0,0,1,1,0,1,12.224107,18,68.101746,5.91,0.73517936
2023-11-19,63,8.4805,5.6805,7.190916,5.3472824,2.2177854,3.4718435,0,0,11.6,11.6,0,9,29.899511,48.96,270.33698,5.17,0.8288544
2023-11-20,3,8.3805,3.2805,5.345083,6.8238716,-0.32815075,2.7007751,0,0,0,0,0,0,15.03835,25.919998,75.07834,5.1,0.5872604
2023-11-21,61,9.330501,2.8805,6.213833,5.8714237,-0.3010924,3.192578,0,0,8.299999,8.299999,0,6,15.496736,24.48,84.17107,1.9,0.6398458
2023-11-22,3,7.3805003,3.0305,5.688833,4.9339437,0.21285963,3.1269531,0,0,0,0,0,0,14.458382,23.4,303.42307,3.68,0.4223167
2023-11-23,0,6.8805003,1.9805,3.8909168,2.9367757,-0.98095274,0.81859976,0,0,0,0,0,0,15.629971,25.919998,301.7769,5.48,0.5711529
2023-11-24,1,6.6305003,1.6805,4.601333,3.3687377,-2.301823,1.4586722,0,0,0,0,0,0,11.988594,19.44,301.3363,5.52,0.6187212
2023-11-25,3,6.5305004,1.8305,3.8075829,3.9123363,-0.61460304,1.3202456,0,0,0,0,0,0,10.630672,16.919998,293.80118,5.14,0.46027312
2023-11-26,3,6.1805,1.7305,4.2742496,4.2238674,-1.3096981,1.874808,0,0,0,0,0,0,8.39657,14.4,289.94373,4.51,0.42790076
2023-11-27,3,6.7305,1.9805,3.9846666,4.840393,-1.0368104,1.6507078,0,0,0,0,0,0,8.350138,14.4,286.7739,4.63,0.4320986
2023-11-28,3,4.8805003,0.4305,2.5825837,2.85611,-2.9407477,0.15456943,0,0,0,0,0,0,8.891343,13.32,271.83768,4.23,0.37956688
2023-11-29,3,4.5305004,-0.119500004,2.2659168,1.6854606,-3.0226529,-0.41978732,0,0,0,0,0,0,7.127636,14.04,332.39758,4.77,0.44445124
2023-11-30,73,5.5305004,-0.86950004,2.4825835,2.832469,-4.2669406,-0.91806525,0,0,5.2999997,4.6,0.48999998,8,25.620771,40.32,92.71666,1.46,0.37053892
2023-12-01,61,4.0805,1.6305,3.0784166,1.5008144,-3.583694,-0.7292375,0,0,14.8,14.8,0,19,22.881958,37.8,76.26915,1.5,0.21645555
2023-12-02,63,7.1305003,2.0805,4.5554996,4.7475014,-2.0526028,1.19882,0,0,16.9,16.9,0,6,22.065973,39.96,66.57153,4.71,0.46301526
2023-12-03,73,7.4805,3.3805,5.1388335,4.93474,-1.0059211,1.9395691,0,0,8.7,8.400001,0.21000001,10,26.82906,43.199997,71.36622,2.06,0.3368303
2023-12-04,63,8.9805,4.1305003,6.5221667,5.95144,0.91886616,3.4079397,0,0,45.1,45.1,0,18,21.605999,34.92,85.18316,0.49,0.22032706
2023-12-05,63,11.080501,7.8305,9.405499,10.597318,5.6059933,7.5505753,0,0,15.800001,15.800001,0,14,18,34.2,99.013695,2.37,0.27753404
2023-12-06,61,8.6305,1.9305,6.8909173,7.354145,-1.0340157,4.680967,0,0,7.7999988,7.7999988,0,13,15.941944,25.919998,0.6330677,1.68,0.25041422
2023-12-07,53,5.5805,1.9805,4.3971667,2.7993932,-0.8272891,1.4826075,0,0,4.5,4.5,0,12,18.486622,29.88,291.08237,1.35,0.25425234
2023-12-08,3,4.5805,-0.86950004,1.9117502,2.0173812,-4.6107445,-1.0381137,0,0,0,0,0,0,10.00256,15.84,55.281326,3.28,0.31390893
2023-12-09,75,4.7805004,1.9305,2.8950834,0.91210747,-3.7816215,-1.2713982,0,0,22.599997,12.1,7.3500004,14,25.764534,41.039997,72.2575,0.29,0.2780707
2023-12-10,61,6.6305003,4.1805,5.4950824,4.98316,1.680541,3.2379253,0,0,9.300001,9.300001,0,22,12.522619,22.68,54.88792,0.64,0.18589893
2023-12-11,51,7.7305,2.5805,5.5138335,5.5429363,-0.08724737,3.1550667,0,0,0.3,0.3,0,3,10.495713,16.919998,304.436,4.61,0.4272919
2023-12-12,3,5.6805,2.2805,3.820083,3.7261152,-0.7149596,1.4694735,0,0,0,0,0,0,9,14.04,354.74625,3.4,0.33854717
2023-12-13,53,8.2805,1.7305,4.87425,5.61248,-2.0038638,1.7795091,0,0,1,1,0,4,11.090103,17.64,79.442406,0.71,0.43662032
2023-12-14,61,7.2805004,2.9805,5.4513326,5.825509,0.51389885,3.0381544,0,0,9.999999,9.999999,0,10,11.384199,17.28,56.53232,1.26,0.25276086
2023-12-15,63,9.330501,4.5305004,6.7013326,7.942054,1.5873809,4.6990447,0,0,7.2000003,7.2000003,0,5,10.990322,18.72,75.963745,3.47,0.38637766
2023-12-16,3,7.5805,2.6805,5.1096663,6.1721077,-1.1529365,2.59539,0,0,0,0,0,0,12.0694,14.759999,62.1946,3.05,0.40297684
2023-12-17,63,7.5805,3.4305,6.0367503,5.336507,0.4582386,3.4211977,0,0,7.6,7.6,0,3,17.462782,28.44,293.64838,2.15,0.28702074
2023-12-18,63,8.0305,3.6305,6.276333,6.660118,0.9132042,4.448608,0,0,6.4,6.4,0,7,9.826088,15.4800005,76.405136,2.41,0.28832936
2023-12-19,61,8.830501,6.0805,7.4867496,7.8832245,4.0440807,5.729796,0,0,8.9,8.9,0,19,10.239453,17.28,59.589073,0.72,0.19278994
2023-12-20,51,9.5305,7.9305,8.686749,7.7947855,5.3700676,6.5444984,0,0,1.4000002,1.4000002,0,7,14.113653,21.96,100.121826,1.52,0.23348925
2023-12-21,55,9.0305,6.5805,8.04925,7.1973286,3.8178635,5.435879,0,0,3.8,3.8,0,10,17.283749,28.08,94.715294,0.82,0.19937909
2023-12-22,61,7.4805,4.1805,6.2450833,4.6936007,-0.45873427,1.9815277,0,0,7.2,7.2,0,14,30.453527,48.239998,274.42938,2.05,0.4244323
2023-12-23,3,4.9805,-0.16950001,2.32425,1.4130478,-3.8503118,-0.9696893,0,0,0,0,0,0,15.517629,26.28,75.31006,3.1,0.31472877
2023-12-24,71,5.1305003,-0.5195,2.3555,1.2543826,-4.1685762,-1.1471735,0,0,0.70000005,0.6,0.07,3,14.799459,23.759998,81.07879,1.02,0.42306077
2023-12-25,71,9.0305,4.2305,6.7930007,4.117098,0.59511995,2.9715614,0,0,16.5,16.300001,0.14,14,29.519999,47.88,92.755066,0.51,0.6215048
2023-12-26,63,9.080501,4.9805,7.228417,5.86983,2.0940719,4.116821,0,0,6.1,6.1,0,6,30.30208,48.239998,103.95142,3.74,0.543605
2023-12-27,53,10.2805,5.3305,7.465917,6.2808466,2.1587715,4.0493364,0,0,4.8999996,4.8999996,0,11,26.168804,43.92,96.53204,0.83,0.58694917
2023-12-28,63,10.1305,7.0805,8.747166,6.941614,2.9194584,5.225777,0,0,22.000002,22.000002,0,18,29.239891,48.239998,71.62837,1.26,0.58416814
2023-12-29,51,10.2805,6.3805003,8.46175,9.548851,3.7002926,6.5823007,0,0,0.1,0.1,0,1,18.532133,29.16,65.46763,2.33,0.4131721
2023-12-30,63,9.9805,7.5805,9.070085,7.6336,5.774784,6.69623,0,0,21.099998,21.099998,0,23,17.414476,27,81.98079,1.11,0.3835496
2023-12-31,61,7.3305,3.2305,6.0888343,5.426589,0.0770216,3.7341166,0,0,9.000001,9.000001,0,13,11.525623,18.359999,93.849556,1.62,0.22184888